name,shelter_started_at,home_started_at,back_shelter_at,link,поступление,пристройство,возврат
ТРЕФ,2023-10-09,2025-05-19,,https://helpdog.ru/forum/threads/tref-tuapse-staff-privjazan-na-cep-v-pljazhnom-tualete.16088/,сообщение 2023-10-08: Расход Обработка при поступлении - 800 Передержка с 09.10.23 по 31.,сообщение 2025-05-19: Треф поехал домой,
ЛАТТЕ,2021-05-31,2026-04-18,2026-04-27,https://helpdog.ru/forum/threads/latte-lytkino-broshennyj-pitbul-nuzhny-finkuratory.15099/,сообщение 2021-05-30: Передержка с 31.05.21 по 31.,сообщение 2026-04-18: Латте поехал домой,сообщение 2026-04-27: Латте снова в приюте Латте #шереметьевский #приют #шереметьевскийприют #вдобрыеруки #приютдляживотных #взрослаясобака #песищетхозяина #помощьживотным #собакаизприюта #возьмисприюта #благотворительность #репост #приютмосква #собакаищетдом #ищудом #друг #вдобрыерукимосква #возьмисо ...
ВОКЕР,2023-12-28,,,https://helpdog.ru/forum/threads/voker-vladikavkaz-neschastnyj-perebityj-malysh-sos.16141/,сообщение 2023-12-29: 16356/#post-725065 Итого: 105617р Расход Обработка при поступлении - 800 Передержка с 28.12.23 по 31.,,
ОСКАР,2025-05-26,2025-06-24,2026-04-14,https://helpdog.ru/forum/threads/oskar-kurskaja-oblast-xozjain-pogib.16374/,сообщение 2025-05-27: Передержка с 26.05.25 по 31.,сообщение 2025-06-24: Оскар поехал домой,сообщение 2026-04-14: Оскара сегодня вернули в приют. Причина неизвестна
ТАКЕШИ,2022-10-20,2026-04-18,,https://helpdog.ru/forum/threads/takeshi-turcija-schenok-ischet-dom-ispytatelnyj-s-18-04.15550/,сообщение 2022-03-07: Передержка с 20.10.22 по 31.,сообщение 2026-04-18: Такеши поехал домой,
АБЕЛЛА,2025-12-13,2026-03-22,,https://helpdog.ru/forum/threads/abella-skitalas-po-ulicam-ispytatelnyj-s-22-03.16412/,сообщение 2025-12-18: 26 - 1000 альфа банк Надежда Чистякова (ФК) Итого: 57900₽ Расход Обработка при поступлении - 800₽ Передержка с 13.12.25 по 31.,сообщение 2026-03-22: Абелла поехала домой,
РИКАРДО,2020-09-15,2021-10-30,2023-12-29,https://helpdog.ru/forum/threads/rikardo-1-god-i-uzhe-ne-nuzhen-prichina-pereezd-v-druguju-stranu.14438/,сообщение 2020-04-01: Передержка с 15.09.20 по 30.,сообщение 2021-10-30: РИКАРДО поехал домой,сообщение 2023-12-29: Рикардо вернулся в приют
ТОРС,2023-08-14,2026-04-24,,https://helpdog.ru/forum/threads/tors-vladimir-otkaznik-ispytatelnyj-s-24-04.16058/,сообщение 2023-08-24: Расход Обработка при поступлении - 800 Передержка с 14.08.23 по 31.,сообщение 2026-04-24: Сладкий пирожок поехал домой,
БУТУЗ,2023-06-30,2024-03-30,2024-04-01,https://helpdog.ru/forum/threads/butuz-vsju-zhizn-na-cepi-nuzhny-finkuratory-v-prijute.16022/,сообщение 2023-07-02: 26 - 3000 ( в составе 29000) на альфа банк ТГ от Businda Gold ( фк Goldananastaisha) Итого: 269408р Расход Обработка при поступлении -800 Передержка с 30.06.23 по 31.,сообщение 2024-03-30: Бутуз поехал домой,
БУТУЗ,2023-06-30,2025-01-04,2025-01-08,https://helpdog.ru/forum/threads/butuz-vsju-zhizn-na-cepi-nuzhny-finkuratory-v-prijute.16022/,сообщение 2023-07-02: 26 - 3000 ( в составе 29000) на альфа банк ТГ от Businda Gold ( фк Goldananastaisha) Итого: 269408р Расход Обработка при поступлении -800 Передержка с 30.06.23 по 31.,сообщение 2025-01-04: Бутуз поехал домой,"сообщение 2025-01-08: Бутуз вернулся в приют( так что продолжаем ему искать дом. Очень ждем и надеемся, что короля заметят, и заберут в свое королевство"
МАРФИК,2022-11-19,,,https://helpdog.ru/forum/threads/marfik-na-stojanku-pribilsja-staff-marfino-odincovskogo-rajona.15829/,сообщение 2022-11-19: Передержка с 19.11.22 по 30.,,
ОРИОН,2024-05-12,2024-06-09,,https://helpdog.ru/forum/threads/orion-orexovo-zuevo-nuzhny-finkuratory.16243/,сообщение 2024-05-12: Расход Обработка при поступлении - 800р Передержка с 12.05.24 по 31.,сообщение 2024-06-09: Орион поехал домой,
ОРИОН,2024-05-12,2025-08-13,,https://helpdog.ru/forum/threads/orion-orexovo-zuevo-nuzhny-finkuratory.16243/,сообщение 2024-05-12: Расход Обработка при поступлении - 800р Передержка с 12.05.24 по 31.,сообщение 2025-08-13: Орион поехал домой,
ВИНСЕНТ,2020-03-30,2020-05-31,2023-10-21,https://helpdog.ru/forum/threads/vinsent-neschastnyj-malysh-iz-vladikavkaza-ochen-nuzhna-pomosch-finkuratorov-snova-v-prijute.14433/,сообщение 2020-03-28: ПРИЕХАЛ 30.,"сообщение 2020-05-31: Винсент поехал домой. Удачи, малыш",сообщение 2023-10-21: спустя 3 года дома вернули в приют.
ТАШКЕНТ,2024-01-16,,,https://helpdog.ru/forum/threads/tashkent-nuzhny-finkuratory.16154/,сообщение 2024-01-17: Расход Обработка при поступлении - 800 Передержка с 16.01.24 по 31.,,
ГОРЕЦ,2015-04-26,2015-08-22,2015-08-31,https://helpdog.ru/forum/threads/gorec-pojman-staff-v-solnechn-om-r-ne-2017-v-prijute.8886/,сообщение 2015-04-26: Расход Передержка с 26.04.15 по 30.,"сообщение 2015-08-22: (ИСПЫТАТЕЛЬНЫЙ) Горец сегодня уехал домой *KISSING* очень сильно укачало в машине, истошнился весь.","сообщение 2015-08-31: Имя двоякое, всяких людей слабохарактерных привлекает звучностью и силой, а в то же время знакомые русскому уху аллитерации никто не отменял :'( Безумно жаль, что снова в приюте!"
ГРЕЙСОН,2021-11-08,,,https://helpdog.ru/forum/threads/grejson-groznyj-razorvannyj-staff-palevogo-cveta.15350/,сообщение 2021-11-08: Расход Обработка при поступлении - 800 Передержка с 08.11.21 по 30.,,
ЧЕРНИГОВ,2023-11-25,,,https://helpdog.ru/forum/threads/chernigov-naberezhnye-chelny-spasli-ot-otstrela-godovalogo-pita.16118/,сообщение 2023-11-27: Расход Обработка при поступлении - 800 Передержка с 25.11.23 по 30.,,
ЛИККИ,2023-01-01,,,https://helpdog.ru/forum/threads/likki-pitbul-xozjain-otvel-ego-v-les-tam-on-i-zhivet.14133/,сообщение 2019-10-15: Передержка с 01.01.23 по 31.,,
ДЖАСПЕР,2023-02-27,,,https://helpdog.ru/forum/threads/dzhasper-dolgoprudnyj-privjazannyj-staff-nuzhna-pomosch.15922/,сообщение 2023-02-27: Расход Обработка при поступлении - 800 Передержка с 27.02.23 по 28.,,
ГЕОРГ,2023-03-13,,,https://helpdog.ru/forum/threads/georg-goljanovo-vystavili-na-ulicu-s-veschami.15936/,сообщение 2023-03-14: ФИНАНСИРОВАНИЕ Финкураторы: Итого Приход Итого: Расход Обработка при поступлении - 800 Передержка с 13.03.23 по 31.,,
РАССЕЛ,2024-06-07,2026-04-18,,https://helpdog.ru/forum/threads/rassel-rostov-nuzhny-finkuratory-ispytatelnyj-s-18-04.16265/,сообщение 2024-06-11: Передержка с 07.06.24 по 30.,сообщение 2026-04-18: Рассел поехал домой,
РИДДИК,2023-07-02,2026-03-29,,https://helpdog.ru/forum/threads/riddik-chernyj-krasavchik-syn-ricy-nuzhen-dom-v-prijute-ispytatelnyj-s-29-03.14039/,сообщение 2019-08-18: Передержка с 02.07.23 по 31.,заголовок темы: РИДДИК - ЧЕРНЫЙ КРАСАВЧИК! СЫН РИЦЫ! НУЖЕН ДОМ!!! В ПРИЮТЕ! (ИСПЫТАТЕЛЬНЫЙ с 29.03),
ЯЦИК,2024-02-28,,,https://helpdog.ru/forum/threads/jacik-jakutsk-nuzhny-finkuratory.16190/,сообщение 2024-02-28: Передержка с 28.02.24 по 29.,,
ТАНИТА,2023-01-01,,,https://helpdog.ru/forum/threads/tanita-devochka-iz-tureckogo-vivarija.15317/,сообщение 2021-10-15: Расход Передержка с 01.01.23 по 31.,,
РУЛЛА,2024-03-15,,,https://helpdog.ru/forum/threads/rulla-najdena-v-ruzskom-rajone.16201/,сообщение 2024-03-18: Передержка с 15.03.24 по 31.,,
ЮККА,2018-05-09,2021-06-12,,https://helpdog.ru/forum/threads/jukka-schenok-s-ranami-na-golove-ramenskij-r-on.13149/,сообщение 2018-05-08: Расход Передержка с 09.05.18 по 17.,сообщение 2021-06-12: Юкка поехала домой,
ЮККА,2018-05-09,2023-01-18,2023-01-19,https://helpdog.ru/forum/threads/jukka-schenok-s-ranami-na-golove-ramenskij-r-on.13149/,сообщение 2018-05-08: Расход Передержка с 09.05.18 по 17.,сообщение 2023-01-18: Юкка поехала домой,сообщение 2023-01-19: Возврат.
ЮККА,2018-05-09,2024-01-21,,https://helpdog.ru/forum/threads/jukka-schenok-s-ranami-na-golove-ramenskij-r-on.13149/,сообщение 2018-05-08: Расход Передержка с 09.05.18 по 17.,сообщение 2024-01-21: Юкка поехала домой,
ЯРИЛ,2020-07-06,2020-09-10,,https://helpdog.ru/forum/threads/jaril-jakutsk-tigrovyj-molodoj-staff.14611/,сообщение 2020-07-05: Расход Обработка при поступлении - 800 Передержка с 06.07.20 по 31.,сообщение 2020-09-10: ЯРИЛ поехал домой,
ЯРИЛ,2020-07-06,2023-01-31,,https://helpdog.ru/forum/threads/jaril-jakutsk-tigrovyj-molodoj-staff.14611/,сообщение 2020-07-05: Расход Обработка при поступлении - 800 Передержка с 06.07.20 по 31.,сообщение 2023-01-31: Мальчишка Ярил поехал домой! Удачи!,
ЯРИЛ,2020-07-06,2023-07-10,2023-09-08,https://helpdog.ru/forum/threads/jaril-jakutsk-tigrovyj-molodoj-staff.14611/,сообщение 2020-07-05: Расход Обработка при поступлении - 800 Передержка с 06.07.20 по 31.,"сообщение 2023-07-10: Ярил уже полгода вроде как уехал домой,а почему-то не в теме пристроенных",сообщение 2023-09-08: Волею судьбы Яричка опять в приюте.
ЛЮЦЕРН,2021-01-22,2021-03-30,,https://helpdog.ru/forum/threads/ljucern-kazan-chernyj-staff-sobaku-xoteli-usypit.14909/,сообщение 2021-01-21: Расход Обработка при поступлении - 0 Передержка с 22.01.21 по 31.,"сообщение 2021-03-30: Красавчик Люцерн поехал домой Дай Бог, чтобы всë сложилось",
ЛЮЦЕРН,2021-01-22,2021-05-16,2021-06-23,https://helpdog.ru/forum/threads/ljucern-kazan-chernyj-staff-sobaku-xoteli-usypit.14909/,сообщение 2021-01-21: Расход Обработка при поступлении - 0 Передержка с 22.01.21 по 31.,сообщение 2021-05-16: Люцик поехал домой￼,сообщение 2021-06-23: Неужели проблема со здоровьем причина возврата.
ЛЮЦЕРН,2021-01-22,2021-08-24,,https://helpdog.ru/forum/threads/ljucern-kazan-chernyj-staff-sobaku-xoteli-usypit.14909/,сообщение 2021-01-21: Расход Обработка при поступлении - 0 Передержка с 22.01.21 по 31.,сообщение 2021-08-24: Люцерн поехал домой. Будем тихо надеяться (громко уже страшновато..).. Пусть получится у ребенка ))),
ЛЮЦЕРН,2021-01-22,2022-01-29,,https://helpdog.ru/forum/threads/ljucern-kazan-chernyj-staff-sobaku-xoteli-usypit.14909/,сообщение 2021-01-21: Расход Обработка при поступлении - 0 Передержка с 22.01.21 по 31.,"сообщение 2022-01-29: ЛЮЦЕРН поехал домой! Людям рассказали ВСЁ по три раза, очень надеемся на лучшее",
ЛЮЦЕРН,2021-01-22,2022-06-14,2022-09-21,https://helpdog.ru/forum/threads/ljucern-kazan-chernyj-staff-sobaku-xoteli-usypit.14909/,сообщение 2021-01-21: Расход Обработка при поступлении - 0 Передержка с 22.01.21 по 31.,сообщение 2022-06-14: Люцерн поехал домой. Пусть всë получится,"сообщение 2022-09-21: - пишут, что все хорошо и возврат через пару месяцев."
ЛЮЦЕРН,2021-01-22,2023-05-12,2023-05-29,https://helpdog.ru/forum/threads/ljucern-kazan-chernyj-staff-sobaku-xoteli-usypit.14909/,сообщение 2021-01-21: Расход Обработка при поступлении - 0 Передержка с 22.01.21 по 31.,сообщение 2023-05-12: Люцерн поехал домой,"сообщение 2023-05-29: Тут было ясно сразу, что будет возврат."
ЛЮЦЕРН,2021-01-22,2024-02-15,,https://helpdog.ru/forum/threads/ljucern-kazan-chernyj-staff-sobaku-xoteli-usypit.14909/,сообщение 2021-01-21: Расход Обработка при поступлении - 0 Передержка с 22.01.21 по 31.,сообщение 2024-02-15: Люцерн поехал домой,
СУХИЧ,2022-07-01,,,https://helpdog.ru/forum/threads/suxich-sochi-nuzhny-finkuratory.15695/,сообщение 2022-06-30: Передержка с 01.07.22 по 31.,,
ВИТТОРИ,2022-01-27,,,https://helpdog.ru/forum/threads/vittori-xozjain-pogib-v-dtp-ostalis-dve-sobaki-volgograd-nuzhny-finkuratory.15474/,сообщение 2022-01-27: Расход Обработка при поступлении - 800 Передержка с 27.01.22 по 31.,,
БАКСИК,2023-10-26,,,https://helpdog.ru/forum/threads/baksik-odincovo-nuzhna-pomosch.16098/,сообщение 2023-10-27: Расход Обработка при поступлении - 800 Передержка с 26.10.23 по 31.,,
ДУКАЛИС,2024-05-26,2024-07-23,,https://helpdog.ru/forum/threads/dukalis-dubna-nuzhny-finkuratory.16250/,сообщение 2024-05-27: Передержка с 26.05.24 по 31.,сообщение 2024-07-23: Дукалис поехал домой,
ДУКАЛИС,2024-05-26,2024-09-27,2025-01-05,https://helpdog.ru/forum/threads/dukalis-dubna-nuzhny-finkuratory.16250/,сообщение 2024-05-27: Передержка с 26.05.24 по 31.,сообщение 2024-09-27: Дукалис поехал домой,
ГЕРМЕС,2023-11-19,2025-05-02,,https://helpdog.ru/forum/threads/germes-gruzija-nuzhna-pomosch.16114/,сообщение 2023-11-21: Расход Обработка при поступлении - 800 Передержка с 19.11.23 по 30.,сообщение 2025-05-02: Гермес поехал домой,
ЛОДЖИ ЛОЙД,2020-10-09,,,https://helpdog.ru/forum/threads/lodzhi-lojd-molodoj-i-nenuzhnyj.14768/,сообщение 2020-10-10: 20 - 5000 (в составе 15000) на сб от хозяев Таны Итого: 5843 Расход Обработка при поступлении - 800 Передержка с 09.10.20 по 31.,,
АНТОНИЙ,2022-05-16,,,https://helpdog.ru/forum/threads/antonij-astraxan-nikomu-ne-nuzhnyj-pes.15635/,сообщение 2022-05-13: Расход Обработка при поступлении - 0 Передержка с 16.05.22 по 31.,,
ЯКОБС,2023-08-30,2024-06-24,,https://helpdog.ru/forum/threads/jakobs-istoschjonnyj-pit-iz-otlova-jakutskogo-ppzh-nuzhny-finkuratory.16050/,сообщение 2023-08-09: Передержка с 30.08.23 по 30.,сообщение 2024-06-24: Якобс поехал домой,
ТЭГИ,2020-11-28,2020-12-16,,https://helpdog.ru/forum/threads/tehgi-tula-nuzhny-finkuratory.14839/,сообщение 2020-11-28: 21 - 1000 на сб - Оля Шадская Итого: 13250 Расход Обработка при поступлении - 800 Передержка с 28.11.20 по 30.,сообщение 2020-12-16: Тэги поехал домой,
ТЭГИ,2020-11-28,2021-10-31,2021-11-21,https://helpdog.ru/forum/threads/tehgi-tula-nuzhny-finkuratory.14839/,сообщение 2020-11-28: 21 - 1000 на сб - Оля Шадская Итого: 13250 Расход Обработка при поступлении - 800 Передержка с 28.11.20 по 30.,"сообщение 2021-10-31: Тэги поехал домой. Удачи, малыш",
ШЕЙНА,2022-05-09,2023-10-29,2024-09-16,https://helpdog.ru/forum/threads/shejna-shatura-sobaku-brosili-v-lesu.15627/,сообщение 2022-05-09: 22 - 1000 на сб от @mihteevaolga Итого: 6000 Расход Обработка при поступлении - 800 Передержка с 09.05.22 по 31.,сообщение 2023-10-29: Шейна поехала домой,"сообщение 2024-09-16: Собаку вернули в приют. Молча без предварительного звонка. уходили весело, собака явно была не нужна и не любима"
ШЕЙНА,2022-05-09,2025-09-09,,https://helpdog.ru/forum/threads/shejna-shatura-sobaku-brosili-v-lesu.15627/,сообщение 2022-05-09: 22 - 1000 на сб от @mihteevaolga Итого: 6000 Расход Обработка при поступлении - 800 Передержка с 09.05.22 по 31.,сообщение 2025-09-09: Шейна поехала домой под бочок к Лемару,
ТИМОХА,2026-03-02,,,https://helpdog.ru/forum/threads/timoxa-ostalsja-bez-xozjaina.16428/,сообщение 2026-03-03: ru ФИНАНСИРОВАНИЕ Финкураторы Итого: Приход Итого: Расход Обработка при поступлении - 800₽ Передержка с 02.03.26 по 31.,,
БЕЛЫЙ БИМ,2021-06-13,2021-06-27,,https://helpdog.ru/forum/threads/belyj-bim_-adygeja-post-shans-nuzhna-pomosch-v-prijute-ispytatelnyj-s-20-04.15121/,сообщение 2021-06-11: 21 - 500 на сб от @evl_pugacheva Итого: 37500 Расход Обработка при поступлении - 800 Передержка с 13.06.21 по 27.,"сообщение 2021-06-27: Бимка поехал домой. Удачи, малыш",
БЕЛЫЙ БИМ,2021-06-13,2025-10-28,,https://helpdog.ru/forum/threads/belyj-bim_-adygeja-post-shans-nuzhna-pomosch-v-prijute-ispytatelnyj-s-20-04.15121/,сообщение 2021-06-11: 21 - 500 на сб от @evl_pugacheva Итого: 37500 Расход Обработка при поступлении - 800 Передержка с 13.06.21 по 27.,сообщение 2025-10-28: Белый Бим поехал домой,
БЕЛЫЙ БИМ,2021-06-13,2026-04-20,,https://helpdog.ru/forum/threads/belyj-bim_-adygeja-post-shans-nuzhna-pomosch-v-prijute-ispytatelnyj-s-20-04.15121/,сообщение 2021-06-11: 21 - 500 на сб от @evl_pugacheva Итого: 37500 Расход Обработка при поступлении - 800 Передержка с 13.06.21 по 27.,сообщение 2026-04-20: Белый Бим поехал домой,
КУКИ,2026-02-13,,,https://helpdog.ru/forum/threads/kuki-privjazali-u-teplotrassy.16427/,сообщение 2026-02-18: Расход Обработка при поступлении - 800₽ Передержка с 13.02.26 по 28.,,
БРИОН,2020-08-15,2021-05-11,,https://helpdog.ru/forum/threads/brion-brjansk-staff-okazalsja-ne-nuzhnym.14671/,сообщение 2020-08-15: Расход Обработка при поступлении - 800 Передержка с 15.08.20 по 31.,"сообщение 2021-05-11: Для того , чтобы собака поехала домой , надо чтобы в приюте с ней кто то занимался , а не тупо он сидел в вольере и дурел.",
ТОФИТА,2024-05-27,,,https://helpdog.ru/forum/threads/tofita-turcija-nuzhny-finkuratory.16252/,сообщение 2024-05-27: Передержка с 27.05.24 по 31.,,
ЧЕШИРА,2023-10-30,2023-12-27,,https://helpdog.ru/forum/threads/cheshira-chechnja-vykuplennaja-s-boev-pitochka.16100/,сообщение 2023-10-30: 25 - 3000 на альфа Саша Малышева Итого: 110760 Расход Обработка при поступлении - 800 Передержка с 30.10.23 по 31.,сообщение 2023-12-27: Чешира поехала домой,
ОРЕЙРА,2023-02-12,2023-04-12,2024-11-29,https://helpdog.ru/forum/threads/orejra-orenburg-nuzhny-finkuratory-v-prijute.15902/,сообщение 2023-02-13: 23 - 5000₽ на СБ @oxa_sk_ Итого: 32850 Расход Обработка при поступлении - 800 Передержка с 12.02.23 по 28.,сообщение 2023-04-12: Орейра поехала домой,сообщение 2024-11-29: Орейра вернулась в приют по семейным обстоятельствам
ОРЕЙРА,2023-02-12,2025-01-22,,https://helpdog.ru/forum/threads/orejra-orenburg-nuzhny-finkuratory-v-prijute.15902/,сообщение 2023-02-13: 23 - 5000₽ на СБ @oxa_sk_ Итого: 32850 Расход Обработка при поступлении - 800 Передержка с 12.02.23 по 28.,сообщение 2025-01-22: Орейра поехала домой,
ЧАРЛИК,2019-11-17,2021-04-05,,https://helpdog.ru/forum/threads/charlik-xozjain-umer-sobaka-na-ulicu-vernulsja-v-prijut.14181/,сообщение 2019-11-18: Передержка с 17.11.19 по 30.,"сообщение 2021-04-05: Так хочется, чтобы ты поскорее уехал домой.",
ЧАРЛИК,2019-11-17,2021-12-08,,https://helpdog.ru/forum/threads/charlik-xozjain-umer-sobaka-na-ulicu-vernulsja-v-prijut.14181/,сообщение 2019-11-18: Передержка с 17.11.19 по 30.,"сообщение 2021-12-08: Чарлик поехал домой. Удачи, малыш Держу за тебя кулачки. Пусть все получится",
ЧАРЛИК,2019-11-17,2022-07-30,,https://helpdog.ru/forum/threads/charlik-xozjain-umer-sobaka-na-ulicu-vernulsja-v-prijut.14181/,сообщение 2019-11-18: Передержка с 17.11.19 по 30.,сообщение 2022-07-30: Яджер уехал домой. С кем же теперь Чарльз коротает дни и ночи? Неужели опять с Геранькой?,
НИТА,2026-03-20,,,https://helpdog.ru/forum/threads/nita-pogorelica-iz-tuly.16432/,"первое сообщение темы 2026-03-20: Сколько бед может выпасть на долю одной собаки? Жизнь показывает, что много. Вот и этой девчушке досталось по полной. Изначально она попала не в самые лучшие руки, а потом и вовсе осталась одна. Дом сгорел, хозяев посадили и девчушка осталась в одиночестве на ...",,
МАЛИНА,2020-02-19,2021-05-08,2026-02-18,https://helpdog.ru/forum/threads/malina-sos-sobaku-vybrosili-v-podval-vmeste-s-schenkami-v-prijute.14385/,сообщение 2020-02-19: Передержка с 19.02.20 по 29.,"сообщение 2021-05-08: Малина уехала домой к Кате в Конаково. В компанию к ЯНате, Эдику и Бархату",сообщение 2026-02-18: Вчера Малина вернулась в приют. Серьезно заболела хозяйка
РОШАЛЬ,2022-01-01,,,https://helpdog.ru/forum/threads/roshal-krupnyj-ryzhij-metis-nuzhny-finkuratory.13153/,сообщение 2018-05-09: Передержка с 01.01.22 по 31.,,
РОКЕТ,2019-12-01,2019-12-10,,https://helpdog.ru/forum/threads/roket-nashli-belo-chernogo-staffa-rjazan-srochno-nuzhno-mrt-golovy.14220/,сообщение 2019-12-01: Расход Обработка при поступлении - Передержка с 01.12.19 по 02.,сообщение 2019-12-10: Мальчик сегодня уехал домой),
РОКЕТ,2019-12-01,2021-10-28,2021-11-05,https://helpdog.ru/forum/threads/roket-nashli-belo-chernogo-staffa-rjazan-srochno-nuzhno-mrt-golovy.14220/,сообщение 2019-12-01: Расход Обработка при поступлении - Передержка с 01.12.19 по 02.,"сообщение 2021-10-28: Рокет поехал домой. Удачи, малыш",сообщение 2021-11-05: А причина возврата какая? Какие проблемы в поведении Роекта?
НИКУСЯ,2025-12-02,,,https://helpdog.ru/forum/threads/nikusja-nekogda-zanimatsja-sobakoj.16411/,сообщение 2025-12-09: Расход Обработка при поступлении- 800₽ Передержка с 02.12.25 по 31.,,
ПИРС,2023-12-03,,,https://helpdog.ru/forum/threads/pirs-pjatigorsk-nuzhny-finkuratory.16127/,сообщение 2023-12-04: Обработка при поступлении - 800 Передержка с 03.12.23 по 31.,,
БАСЭМ,2021-10-01,2022-05-12,2022-09-25,https://helpdog.ru/forum/threads/basehm-bobrujsk-domashnjuju-sobaku-sdali-v-otlov.15291/,сообщение 2021-09-24: 25 - 3000р на альфу @Lokkyl (ФК) Итого: 145517₽ Расход Обработка при поступлении -800 Передержка с 01.10.21 по 31.,,"сообщение 2022-09-25: Сегодня Басэма вернули в приют по причине массовой истерии… Просто притащили, сунули поводок в руки работника и удалились. Вот и вся любовь человеческая… Малыш в стрессе, конечно((("
КРИСТИАН,2023-10-01,,,https://helpdog.ru/forum/threads/kristian-kislovodsk-nuzhny-finkuratory.16081/,сообщение 2023-10-02: Расход Обработка при поступлении - 800 Передержка с 01.10.23 по 31.,,
ГРОМ,2023-04-09,2023-09-23,2024-02-17,https://helpdog.ru/forum/threads/grom-amstaff-v-vozraste-iz-semi-narkomanov.15964/,сообщение 2023-04-11: Передержка с 09.04.23 по 30.,сообщение 2023-09-23: Гром поехал домой,
КАНТЕМИР,2025-10-28,,,https://helpdog.ru/forum/threads/kantemir-najdenysh-nuzhna-pomosch.16405/,сообщение 2025-11-03: Передержка с 28.10.25 по 31.,,
АДЕЛИНА,2025-08-17,2025-10-25,,https://helpdog.ru/forum/threads/adelina-molodenkuju-staffku-zabrali-iz-neblagopoluchnyx-uslovij.16390/,сообщение 2025-08-25: Передержка с 17.08.25 по 31.,сообщение 2025-10-25: Аделина поехала домой,
БАТЛЕР,2024-04-25,2024-07-10,,https://helpdog.ru/forum/threads/batler-balakovo-nuzhny-finkuratory.16223/,сообщение 2024-04-26: Передержка с 25.04.24 по 30.,сообщение 2024-07-10: Батлер поехал домой,
НЕРО,2022-09-06,,,https://helpdog.ru/forum/threads/nero-ocherednoj-nenuzhnyj-posle-smerti-xozjaina-kovrov.15758/,сообщение 2022-09-05: Передержка с 06.09.22 по 30.,,
ЯНТАРЕК,2024-06-19,,,https://helpdog.ru/forum/threads/jantarek-jakutsk-nuzhny-finkuratory.16276/,сообщение 2024-06-20: Передержка с 19.06.24 по 30.,,
ТОДЕС,2022-03-24,,,https://helpdog.ru/forum/threads/todes-turcija-malchik-umiraet-blagodarja-usilijam-ljudej.15292/,сообщение 2021-09-27: Расход Обработка при поступлении - 0 Передержка с 24.03.22 по 31.,,
ЯСИР,2022-04-04,2022-04-11,,https://helpdog.ru/forum/threads/jasir-jakutsk-sdali-v-ppzh.15588/,сообщение 2022-04-03: Расход Перелет из Якутска в Москву - 7750 Обработка при поступлении - 800 Передержка с 04.04.22 по 30.,"сообщение 2022-04-11: Ясир поехал домой. Удачи, малыш",
ОЛЛИ,2023-02-21,,,https://helpdog.ru/forum/threads/olli-najden-volonterami-v-osetii.15913/,сообщение 2023-02-21: Передержка с 21.02.23 по 28.,,
САНДР,2019-10-24,,,https://helpdog.ru/forum/threads/sandr-esche-odna-broshennaja-dusha-v-sochi-nuzhny-finkuratory-na-5000.14119/,сообщение 2019-09-30: Передержка с 24.10.19 по 31.,,
ГЕРАНЬ,2023-01-01,,,https://helpdog.ru/forum/threads/geran-chjornaja-metiska-iz-koroljova.13607/,сообщение 2018-11-10: Передержка с 01.01.23 по 31.,,
ГЕРТРУДА,2024-05-11,,,https://helpdog.ru/forum/threads/gertruda-gruzija-nuzhny-finkuratory.16235/,сообщение 2024-05-06: Передержка с 11.05.24 по 31.,,
ТРИТОН,2022-01-01,,,https://helpdog.ru/forum/threads/triton-shikarnyj-malchik-ischet-dom-nuzhny-finkuratory-na-6500r.13456/,сообщение 2018-09-07: Передержка с 01.01.22 по 31.,,
ПРАДО,2021-10-02,,2021-10-02,https://helpdog.ru/forum/threads/prado-help-izranennyj-pit-povarovo-vernulsja.13818/,сообщение 2019-03-21: 19 1000р на СБ от Светлана Нестерова из ФБ 1000р на СБ от Анна Мячина из ФБ 500р на 05-28 от Александра Кузьмина из ФБ 1000р на СБ от Irina Uch из ФБ Итого - 11300 Расход Передержка с 02.10.21 по 31.,,сообщение 2021-10-02: Вернулся в приют сегодня.
МАРТИН,2022-01-14,,,https://helpdog.ru/forum/threads/martin-xozjaina-posadili-drugix-variantov-u-sobaki-krome-prijuta-net-nuzhny-finkuratory.15442/,сообщение 2022-01-14: Передержка с 14.01.22 по 31.,,
ЯНВАР,2022-02-07,,,https://helpdog.ru/forum/threads/janvar-jakutsk-sobaka-v-klinike-nuzhna-pomosch.15484/,сообщение 2022-01-29: 5000 на сб от Tussikola ТГ Итого: 62620 Расход Перелет из Якутска до Москвы - 10000 Оплата клиники - 3200 Оплата клиники - 7500 Обработка при поступлении - 0 Передержка с 07.02.22 по 28.,,
МАРСЕЛЬ,2021-01-01,2022-01-13,2022-01-23,https://helpdog.ru/forum/threads/marsel-privezli-staffa-skazali-chto-brali-v-sheremetevo.13889/,сообщение 2019-05-09: Передержка с 01.01.21 по 19.,"сообщение 2022-01-13: Тихонечко, затаив дыхание, говорим, что Марсель два дня назад уехал домой! Пока полет нормальный!",
РАВОН,2022-08-26,,,https://helpdog.ru/forum/threads/ravon-besxoznyj-staff-brodil-po-derevne-karpova-ramenskogo-r-na-risk-otstrela.15752/,сообщение 2022-08-26: Передержка с 26.08.22 по 31.,,
КРОМВЕЛЬ,2021-10-01,2022-09-04,,https://helpdog.ru/forum/threads/kromvel-chernyj-staff-zaprygnul-v-mashinu-k-policii-krasnodar.15298/,сообщение 2021-09-28: 21-1050 Передержка с 01.10.21 по 31.,сообщение 2022-09-04: Кромвель поехал домой,
КРОМВЕЛЬ,2021-10-01,2022-11-05,2022-11-25,https://helpdog.ru/forum/threads/kromvel-chernyj-staff-zaprygnul-v-mashinu-k-policii-krasnodar.15298/,сообщение 2021-09-28: 21-1050 Передержка с 01.10.21 по 31.,сообщение 2022-11-05: Кромвель поехал домой,
КРОМВЕЛЬ,2021-10-01,2022-12-08,2023-09-21,https://helpdog.ru/forum/threads/kromvel-chernyj-staff-zaprygnul-v-mashinu-k-policii-krasnodar.15298/,сообщение 2021-09-28: 21-1050 Передержка с 01.10.21 по 31.,сообщение 2022-12-08: Кромвель поехал домой,
НАСКАР,2022-03-20,2023-07-22,,https://helpdog.ru/forum/threads/naskar-nalchik-nuzhny-finkuratory.15557/,сообщение 2022-03-20: Передержка с 20.03.22 по 31.,сообщение 2023-07-22: Наскар поехал домой,
СОНЕТ,2020-01-01,2020-10-04,2021-04-20,https://helpdog.ru/forum/threads/sonet-ryzhij-staff-iz-solnechnogorskogo-rajona.13032/,сообщение 2018-03-15: Передержка с 01.01.20 по 31.,"сообщение 2020-10-04: Сонет поехал домой. Удачи, малыш",сообщение 2021-04-20: И потом бах и возврат.
ДИЗЕЛЕК,2020-12-11,2020-12-15,,https://helpdog.ru/forum/threads/dizelek-so-schenkom-ne-smogli-spravitsja-i-otpravili-v-prijut.14855/,сообщение 2020-12-11: Расход Обработка при поступлении - 800 Передержка с 11.12.20 по 31.,"сообщение 2020-12-15: суок сказал(а): Очень редкий случай,когда я рада что собаку не забрали домой! У парня думаю будет немало шансов найти настоящих хозяев. Нажмите, чтобы раскрыть... Однозначно",
ДИЗЕЛЕК,2020-12-11,2021-02-03,,https://helpdog.ru/forum/threads/dizelek-so-schenkom-ne-smogli-spravitsja-i-otpravili-v-prijut.14855/,сообщение 2020-12-11: Расход Обработка при поступлении - 800 Передержка с 11.12.20 по 31.,сообщение 2021-02-05: 02 - поехал домой.,
ДИЗЕЛЕК,2020-12-11,2021-07-04,,https://helpdog.ru/forum/threads/dizelek-so-schenkom-ne-smogli-spravitsja-i-otpravili-v-prijut.14855/,сообщение 2020-12-11: Расход Обработка при поступлении - 800 Передержка с 11.12.20 по 31.,сообщение 2021-07-04: ДИЗЕЛЕК поехал домой,
ДИЗЕЛЕК,2020-12-11,2022-02-19,,https://helpdog.ru/forum/threads/dizelek-so-schenkom-ne-smogli-spravitsja-i-otpravili-v-prijut.14855/,сообщение 2020-12-11: Расход Обработка при поступлении - 800 Передержка с 11.12.20 по 31.,сообщение 2022-02-26: 19.02.2022 Дизелек уехал домой,
ВАНДЕР,2021-01-09,,,https://helpdog.ru/forum/threads/vander-vladikavkaz-xoteli-usypit-nuzhny-finkuratory.14892/,сообщение 2021-01-05: Расход Обработка при поступлении - 800 Передержка с 09.01.21 по по 31.,,
БАНКИР,2023-02-10,,,https://helpdog.ru/forum/threads/bankir-novocherkassk.15899/,сообщение 2023-02-10: Расход Обработка при поступлении - 800 Передержка с 10.02.23 по 28.,,
ПРЕСЛИ,2024-04-12,2024-05-30,,https://helpdog.ru/forum/threads/presli-nashli-na-stadione-nuzhny-finkuratory.16217/,сообщение 2024-04-16: Передержка с 12.04.24 по 30.,сообщение 2024-05-30: Пресли поехал домой,
ПРЕСЛИ,2024-04-12,2024-09-21,2024-12-30,https://helpdog.ru/forum/threads/presli-nashli-na-stadione-nuzhny-finkuratory.16217/,сообщение 2024-04-16: Передержка с 12.04.24 по 30.,сообщение 2024-09-21: Пресли поехал домой,"сообщение 2024-12-30: К сожалению, не могу сказать, что возврат не связан с собакой , дело именно в нем."
ДЖЕСУР,2023-07-16,,,https://helpdog.ru/forum/threads/dzhesur-turcija-nuzhny-finkuratory.16037/,сообщение 2023-07-17: Расход Обработка при поступлении - 0 Передержка с 16.07.23 по 31.,,
ДЕЛОНА,2022-04-08,2024-09-26,2024-11-12,https://helpdog.ru/forum/threads/delona-doneck-nuzhny-finkuratory.15594/,сообщение 2022-04-07: 22 - 1000 на сб от @kyzmina_natalia Итого: 19127 Расход Обработка при поступлении - 800 Передержка с 08.04.22 по 30.,"сообщение 2024-09-26: Делона поехала домой - YouTube Смотрите любимые видео, слушайте любимые песни, загружайте собственные ролики и делитесь ими с друзьями, близкими и целым миром. youtube.com","сообщение 2024-11-12: Делоночка вернулась в приют Делона.mp4 Смотрите онлайн короткое видео (shorts) канала «NataliyaRV» в хорошем качестве, опубликованное 12 ноября 2024 года в 15:51, длительностью 00:00:14, на видеохостинге RUTUBE. rutube.ru"
ТОДИН,2021-07-15,2022-10-30,,https://helpdog.ru/forum/threads/todin-turcija-v-prijute.15177/,сообщение 2021-07-16: 21 - 50000 на СБ - от волонтеров Турции Итого: 50000 Расход Обработка при поступлении - 800 Передержка с 15.07.21 по 31.,сообщение 2022-10-30: Тодин поехал домой!,
ТОДИН,2021-07-15,2023-05-18,,https://helpdog.ru/forum/threads/todin-turcija-v-prijute.15177/,сообщение 2021-07-16: 21 - 50000 на СБ - от волонтеров Турции Итого: 50000 Расход Обработка при поступлении - 800 Передержка с 15.07.21 по 31.,сообщение 2023-05-18: Тодин поехал домой,
ПИНКЕРТОН,2023-12-03,,,https://helpdog.ru/forum/threads/pinkerton-perm-nuzhny-finkuratory.16128/,сообщение 2023-12-04: 24 - 25138 на Сб Ксения Итого: 25138 Расход Обработка при поступлении - 800 Передержка с 03.12.23 по 31.,,
МИРИАМ,2023-01-05,,,https://helpdog.ru/forum/threads/miriam-bezhenka-iz-mariupolja.15868/,сообщение 2023-01-05: Передержка с 05.01.23 по 31.,,
ЯРНИ,2022-08-05,2022-08-16,2025-05-03,https://helpdog.ru/forum/threads/jarni-7-mesjachnogo-schenka-sdali-v-ppzh-jakutska-vernulsja-v-prijut.15735/,сообщение 2022-08-06: Передержка с 05.08.22 по 16.,сообщение 2022-08-16: Ярни поехал домой под бочок к нашему Тутанхамону,
ДАНДИ,2022-04-08,2022-08-13,,https://helpdog.ru/forum/threads/dandi-doneck-nuzhny-finkuratory.15595/,сообщение 2022-04-07: Расход Обработка при поступлении - 800 Передержка с 08.04.22 по 30.,сообщение 2022-08-13: Данди поехал домой,
ДАНДИ,2022-04-08,2023-05-07,,https://helpdog.ru/forum/threads/dandi-doneck-nuzhny-finkuratory.15595/,сообщение 2022-04-07: Расход Обработка при поступлении - 800 Передержка с 08.04.22 по 30.,сообщение 2023-05-07: Данди поехал домой,
ДАНДИ,2022-04-08,2023-07-16,,https://helpdog.ru/forum/threads/dandi-doneck-nuzhny-finkuratory.15595/,сообщение 2022-04-07: Расход Обработка при поступлении - 800 Передержка с 08.04.22 по 30.,сообщение 2023-07-16: Данди поехал домой,
ДАНДИ,2022-04-08,2023-08-05,2023-08-21,https://helpdog.ru/forum/threads/dandi-doneck-nuzhny-finkuratory.15595/,сообщение 2022-04-07: Расход Обработка при поступлении - 800 Передержка с 08.04.22 по 30.,сообщение 2023-08-05: Данди поехал домой,"сообщение 2023-08-21: Мне хотелось бы знать реальные причины возврата собаки. Потому что с каждым возвратом новые «истории». На него очень плохо влияют эти поездки туда сюда и смена «хозяев»…. Хочется, чтобы следующие руки действительно были осведомлены обо всех моментах и реально готовы к ним, чтобы без мотыляния несчастного Д ..."
ДАЛЛАС,2020-09-01,2021-06-27,,https://helpdog.ru/forum/threads/dallas-brosili-na-ploschadke-dlja-sobak.14701/,сообщение 2020-09-01: Расход Обработка при поступлении - 800 Передержка с 01.09.20 по 30.,"сообщение 2021-06-27: Даллас поехал домой. Удачи, малыш",
ВАШИНГТОН,2020-01-20,2020-09-27,2021-01-20,https://helpdog.ru/forum/threads/vashington-vladikavkaz-neschastnyj-podrannyj-pes-sos.14598/,сообщение 2020-06-30: ОПЯТЬ И СРОЧНО НУЖНА ВАША ПОМОЩЬ ФИНАНСИРОВАНИЕ 2021 Приход Итого Расход Передержка с 20.01.20 по 31.,сообщение 2020-09-27: ВАШИНГТОН поехал домой УДАЧИ!!,"сообщение 2021-01-20: Мне очень не нравится, когда собак возвращают, я продумывала не один день решение взять сначала Айну, затем целый год зрела до Старка, но такой возврат мне кажется более лучше, чем когда втихаря теряют интерес или не могут полюбить, не сдают, а издеваются над собакой, все знают о чём я. Вот подавляющее большинство всё-таки отличные хозы, а ""паршивые овцы"" есть везде"
ЛАЙК,2022-03-26,,,https://helpdog.ru/forum/threads/lajk-xozjaina-posadili-lytkarino-nuzhny-finkuratory.15567/,сообщение 2022-03-27: ФИНАНСИРОВАНИЕ Финкураторы Итого: Приход Итого: Расход Обработка при поступлении - 800 Передержка с 26.03.22 по 31.,,
ТАЙРЕС,2022-01-28,2022-12-11,,https://helpdog.ru/forum/threads/tajres-vyvezen-iz-turcii.15480/,сообщение 2022-01-28: Расход Обработка при поступлении - 800 Передержка с 28.01.22 по 31.,сообщение 2022-12-11: Тайрес поехал домой,
ТАЙРЕС,2022-01-28,2024-02-25,,https://helpdog.ru/forum/threads/tajres-vyvezen-iz-turcii.15480/,сообщение 2022-01-28: Расход Обработка при поступлении - 800 Передержка с 28.01.22 по 31.,сообщение 2024-02-25: Тайрес поехал домой,
ТАЙРЕС,2022-01-28,2024-04-07,2024-08-03,https://helpdog.ru/forum/threads/tajres-vyvezen-iz-turcii.15480/,сообщение 2022-01-28: Расход Обработка при поступлении - 800 Передержка с 28.01.22 по 31.,сообщение 2024-04-07: Тайрес поехал домой,"сообщение 2024-08-03: В чем причина возврата, люди не могут найти компромисс… да а как он к кошкам ?"
ТОНИК,2022-05-06,,,https://helpdog.ru/forum/threads/tonik-turcija-nuzhny-finkuratory.15620/,сообщение 2022-05-03: 22 ФИНАНСИРОВАНИЕ Финкураторы Итого: Приход Итого: Расход Обработка при поступлении - 0 Передержка с 06.05.22 по 31.,,
